<?xml version="1.0" encoding="UTF-8"?>
<project xmlns="http://maven.apache.org/POM/4.0.0" xmlns:xsi="http://www.w3.org/2001/XMLSchema-instance" xsi:schemaLocation="http://maven.apache.org/POM/4.0.0 http://maven.apache.org/maven-v4_0_0.xsd">
  <modelVersion>4.0.0</modelVersion>
  <groupId>uk.ac.ed.inf</groupId>
  <artifactId>PizzaDronz</artifactId>
  <name>PizzaDronz</name>
  <version>1.0-SNAPSHOT</version>
  <url>http://maven.apache.org</url>
  <build>
    <plugins>
      <plugin>
        <artifactId>maven-shade-plugin</artifactId>
        <version>3.2.4</version>
        <executions>
          <execution>
            <phase>package</phase>
            <goals>
              <goal>shade</goal>
            </goals>
            <configuration />
          </execution>
        </executions>
      </plugin>
      <plugin>
        <artifactId>maven-install-plugin</artifactId>
        <version>3.1.1</version>
        <executions>
          <execution>
            <id>install-jar-lib</id>
            <phase>validate</phase>
            <goals>
              <goal>install-file</goal>
            </goals>
          </execution>
        </executions>
        <configuration>
          <groupId>uk.ac.ed.inf</groupId>
          <artifactId>IlpDataObjects</artifactId>
          <version>1.0.0-SNAPSHOT</version>
          <packaging>jar</packaging>
          <file>${project.basedir}/lib/IlpDataObjects.jar</file>
          <generatePom>true</generatePom>
        </configuration>
      </plugin>
      <plugin>
        <artifactId>maven-assembly-plugin</artifactId>
        <version>3.1.1</version>
        <executions>
          <execution>
            <id>make-assembly</id>
            <phase>package</phase>
            <goals>
              <goal>single</goal>
            </goals>
          </execution>
        </executions>
        <configuration>
          <descriptorRefs>
            <descriptorRef>jar-with-dependencies</descriptorRef>
          </descriptorRefs>
          <archive>
            <manifest>
              <mainClass>uk.ac.ed.inf.Main</mainClass>
            </manifest>
          </archive>
        </configuration>
      </plugin>
    </plugins>
  </build>
  <repositories>
    <repository>
      <id>mapbox</id>
      <url>https://api.mapbox.com/downloads/v2/releases/maven</url>
    </repository>
    <repository>
      <id>central</id>
      <url>https://repo.maven.apache.org/maven2</url>
    </repository>
  </repositories>
  <dependencies>
    <dependency>
      <groupId>junit</groupId>
      <artifactId>junit</artifactId>
      <version>RELEASE</version>
      <scope>test</scope>
      <exclusions>
        <exclusion>
          <artifactId>hamcrest-core</artifactId>
          <groupId>org.hamcrest</groupId>
        </exclusion>
      </exclusions>
    </dependency>
  </dependencies>
  <properties>
    <maven.compiler.target>18</maven.compiler.target>
    <maven.compiler.source>18</maven.compiler.source>
    <project.build.sourceEncoding>UTF-8</project.build.sourceEncoding>
  </properties>
</project>
