[
  {
    "name": "George Square Area",
    "vertices": [
      {
        "lng": -3.1934398406428386,
        "lat": 55.94418541874358
      },
      {
        "lng": -3.1899887323379517,
        "lat": 55.94284650540911
      },
      {
        "lng": -3.186095482240631,
        "lat": 55.943416133936
      },
      {
        "lng": -3.188010778183127,
        "lat": 55.945176859980585
      },
      {
        "lng": -3.1934398406428386,
        "lat": 55.94418541874358
      }
    ]
  },
  {
    "name": "Dr Elsie Inglis Quadrangle",
    "vertices": [
      {
        "lng": -3.1907182931900024,
        "lat": 55.94519570234043
      },
      {
        "lng": -3.1906163692474365,
        "lat": 55.94498241796357
      },
      {
        "lng": -3.1900262832641597,
        "lat": 55.94507554227258
      },
      {
        "lng": -3.190133571624756,
        "lat": 55.94529783810495
      },
      {
        "lng": -3.1907182931900024,
        "lat": 55.94519570234043
      }
    ]
  },
  {
    "name": "Bristo Square Open Area",
    "vertices": [
      {
        "lng": -3.189543485641479,
        "lat": 55.94552313663306
      },
      {
        "lng": -3.189382553100586,
        "lat": 55.94553214854692
      },
      {
        "lng": -3.189259171485901,
        "lat": 55.94544803726933
      },
      {
        "lng": -3.1892001628875732,
        "lat": 55.94533688994374
      },
      {
        "lng": -3.189194798469543,
        "lat": 55.94519570234043
      },
      {
        "lng": -3.189135789871216,
        "lat": 55.94511759833873
      },
      {
        "lng": -3.188138008117676,
        "lat": 55.9452738061846
      },
      {
        "lng": -3.1885510683059692,
        "lat": 55.946105902745614
      },
      {
        "lng": -3.1895381212234497,
        "lat": 55.94555918427592
      },
      {
        "lng": -3.189543485641479,
        "lat": 55.94552313663306
      }
    ]
  },
  {
    "name": "Bayes Central Area",
    "vertices": [
      {
        "lng": -3.1876927614212036,
        "lat": 55.94520696732767
      },
      {
        "lng": -3.187555968761444,
        "lat": 55.9449621408666
      },
      {
        "lng": -3.186981976032257,
        "lat": 55.94505676722831
      },
      {
        "lng": -3.1872327625751495,
        "lat": 55.94536993377657
      },
      {
        "lng": -3.1874459981918335,
        "lat": 55.9453361389472
      },
      {
        "lng": -3.1873735785484314,
        "lat": 55.94519344934259
      },
      {
        "lng": -3.1875935196876526,
        "lat": 55.94515665035927
      },
      {
        "lng": -3.187624365091324,
        "lat": 55.94521973430925
      },
      {
        "lng": -3.1876927614212036,
        "lat": 55.94520696732767
      }
    ]
  }
]